"PointID","x","y","Density","Momentum_x","Momentum_y","Energy","Turb_Kin_Energy","Omega","LM_gamma","LM_Re_t"
17024, 1.000000000000000e+00, -0.000000000000000e+00, 9.980065511405879e-01, 0.000000000000000e+00, 0.000000000000000e+00, 1.791476389543834e+00, 1.000000000000000e-10, 9.130427276159689e+04, 2.616711032506542e-01, 8.713451024790818e+02
17290, 9.813193900000000e-01, 5.206990000000000e-03, 9.986663144523260e-01, 0.000000000000000e+00, 0.000000000000000e+00, 1.789682885487388e+00, 1.000000000000000e-10, 9.027621127653330e+04, 3.520061790044320e-01, 8.460569923286840e+02
17556, 9.620150600000000e-01, 1.042916000000000e-02, 9.975631330880802e-01, 0.000000000000000e+00, 0.000000000000000e+00, 1.787937083128674e+00, 1.000000000000000e-10, 8.961669110460034e+04, 3.622588302999362e-01, 8.379423098880758e+02
17822, 9.420666599999999e-01, 1.565978000000000e-02, 9.970011434285666e-01, 0.000000000000000e+00, 0.000000000000000e+00, 1.786500044884757e+00, 1.000000000000000e-10, 8.893577492047008e+04, 3.599171872650728e-01, 8.383170119915527e+02
18088, 9.214534599999999e-01, 2.089140000000000e-02, 9.963875115128450e-01, 0.000000000000000e+00, 0.000000000000000e+00, 1.785073714310110e+00, 1.000000000000000e-10, 8.834639161006425e+04, 3.591122318720283e-01, 8.393188278076383e+02
18354, 9.001539700000000e-01, 2.611578000000000e-02, 9.958488158769239e-01, 0.000000000000000e+00, 0.000000000000000e+00, 1.783806096976532e+00, 1.000000000000000e-10, 8.783693479384111e+04, 3.581929212648463e-01, 8.402585098656797e+02
18620, 8.781461400000000e-01, 3.132374000000000e-02, 9.953060425185647e-01, 0.000000000000000e+00, 0.000000000000000e+00, 1.782517365693999e+00, 1.000000000000000e-10, 8.736487666589677e+04, 3.578396845244159e-01, 8.411627800370563e+02
18886, 8.554071000000000e-01, 3.650511000000000e-02, 9.948207030958732e-01, 0.000000000000000e+00, 0.000000000000000e+00, 1.781365513284578e+00, 1.000000000000000e-10, 8.693740391977558e+04, 3.574672447170158e-01, 8.421188586606451e+02
19152, 8.319133100000000e-01, 4.164849000000000e-02, 9.943316853557115e-01, 0.000000000000000e+00, 0.000000000000000e+00, 1.780195490365631e+00, 1.000000000000000e-10, 8.659144108919363e+04, 3.573408706467821e-01, 8.430856090362373e+02
19418, 8.076406100000000e-01, 4.674107000000000e-02, 9.938786415642857e-01, 0.000000000000000e+00, 0.000000000000000e+00, 1.779114940786402e+00, 1.000000000000000e-10, 8.630216622328230e+04, 3.571836976240673e-01, 8.440810457150001e+02
19684, 7.827178700000000e-01, 5.173827000000000e-02, 9.934259241040270e-01, 0.000000000000000e+00, 0.000000000000000e+00, 1.778031228503595e+00, 1.000000000000000e-10, 8.603617995343330e+04, 3.573351259014694e-01, 8.451241753567748e+02
19950, 7.576987800000000e-01, 5.652025000000000e-02, 9.930043162697754e-01, 0.000000000000000e+00, 0.000000000000000e+00, 1.777026968298656e+00, 1.000000000000000e-10, 8.582448111924964e+04, 3.575253282828046e-01, 8.466665154959135e+02
20216, 7.326374400000000e-01, 6.107554000000000e-02, 9.925949633540704e-01, 0.000000000000000e+00, 0.000000000000000e+00, 1.776049455610558e+00, 1.000000000000000e-10, 8.567174689426553e+04, 3.576190835082408e-01, 8.477670312213997e+02
20482, 7.075356900000001e-01, 6.540268000000000e-02, 9.922044929492763e-01, 0.000000000000000e+00, 0.000000000000000e+00, 1.775121250489500e+00, 1.000000000000000e-10, 8.551464891712906e+04, 3.577749932715484e-01, 8.489088189134995e+02
20748, 6.823953200000000e-01, 6.949945000000000e-02, 9.918236472438665e-01, 0.000000000000000e+00, 0.000000000000000e+00, 1.774215470712044e+00, 1.000000000000000e-10, 8.542307117934422e+04, 3.579771058595480e-01, 8.500808232331931e+02
21014, 6.572180399999999e-01, 7.336286000000000e-02, 9.914545333647252e-01, 0.000000000000000e+00, 0.000000000000000e+00, 1.773339124817195e+00, 1.000000000000000e-10, 8.534723726787262e+04, 3.582347611985051e-01, 8.512799430930116e+02
21280, 6.320055000000000e-01, 7.698909000000000e-02, 9.910917659682343e-01, 0.000000000000000e+00, 0.000000000000000e+00, 1.772476711791982e+00, 1.000000000000000e-10, 8.527616475573192e+04, 3.586339843074348e-01, 8.525397233092490e+02
21546, 6.067593700000000e-01, 8.037349000000001e-02, 9.907348860476745e-01, 0.000000000000000e+00, 0.000000000000000e+00, 1.771629387010238e+00, 1.000000000000000e-10, 8.523748120120114e+04, 3.591513723532088e-01, 8.542871206035588e+02
21812, 5.814813100000000e-01, 8.351047000000000e-02, 9.903785840748838e-01, 0.000000000000000e+00, 0.000000000000000e+00, 1.770786113529459e+00, 1.000000000000000e-10, 8.522707970738391e+04, 3.595501126270159e-01, 8.556002147819952e+02
22078, 5.561730400000000e-01, 8.639351000000001e-02, 9.900201660080740e-01, 0.000000000000000e+00, 0.000000000000000e+00, 1.769945351884402e+00, 1.000000000000000e-10, 8.519157890568416e+04, 3.600686250138921e-01, 8.569797271801308e+02
22344, 5.308363500000000e-01, 8.901507000000000e-02, 9.896534897590451e-01, 0.000000000000000e+00, 0.000000000000000e+00, 1.769098515430874e+00, 1.000000000000000e-10, 8.519846772334883e+04, 3.606813828277945e-01, 8.585199558817467e+02
22610, 5.054731700000000e-01, 9.136648000000000e-02, 9.892723883521436e-01, 0.000000000000000e+00, 0.000000000000000e+00, 1.768239990318809e+00, 1.000000000000000e-10, 8.522202874806896e+04, 3.613541305895824e-01, 8.600427131229258e+02
22876, 4.800856000000000e-01, 9.343790000000000e-02, 9.888670844822239e-01, 0.000000000000000e+00, 0.000000000000000e+00, 1.767354175458254e+00, 1.000000000000000e-10, 8.523886010337771e+04, 3.622601157330269e-01, 8.616539917944081e+02
23142, 4.546759700000000e-01, 9.521816000000000e-02, 9.884279144654980e-01, 0.000000000000000e+00, 0.000000000000000e+00, 1.766419200681683e+00, 1.000000000000000e-10, 8.526658847121947e+04, 3.635554752232479e-01, 8.636067058828304e+02
23408, 4.292468800000000e-01, 9.669464000000000e-02, 9.879389064483176e-01, 0.000000000000000e+00, 0.000000000000000e+00, 1.765385898755173e+00, 1.000000000000000e-10, 8.527408516794558e+04, 3.650171913784857e-01, 8.656041456336690e+02
23674, 4.038013500000000e-01, 9.785310000000000e-02, 9.873953154109458e-01, 0.000000000000000e+00, 0.000000000000000e+00, 1.764230136275178e+00, 1.000000000000000e-10, 8.532567307729382e+04, 3.658634898173529e-01, 8.679315956402963e+02
23940, 3.783407900000000e-01, 9.860455999999999e-02, 9.868449082467016e-01, 0.000000000000000e+00, 0.000000000000000e+00, 1.763122176482791e+00, 1.000000000000000e-10, 8.535871506428142e+04, 3.663163737422072e-01, 8.706131942432608e+02
24206, 3.528702400000000e-01, 9.883720000000000e-02, 9.863493762426032e-01, 0.000000000000000e+00, 0.000000000000000e+00, 1.762228432313258e+00, 1.000000000000000e-10, 8.540661049089419e+04, 3.676064351927418e-01, 8.740482496687368e+02
24472, 3.274004900000000e-01, 9.853199000000000e-02, 9.859239219001301e-01, 0.000000000000000e+00, 0.000000000000000e+00, 1.761494533170665e+00, 1.000000000000000e-10, 8.544430306896963e+04, 3.684277046297682e-01, 8.776376921863324e+02
24738, 3.019436500000000e-01, 9.766706999999999e-02, 9.855417323312351e-01, 0.000000000000000e+00, 0.000000000000000e+00, 1.760888469545529e+00, 1.000000000000000e-10, 8.547895504216608e+04, 3.687815273523551e-01, 8.810135956739368e+02
25004, 2.765134400000000e-01, 9.621754000000000e-02, 9.852050731438486e-01, 0.000000000000000e+00, 0.000000000000000e+00, 1.760409345557085e+00, 1.000000000000000e-10, 8.551669704810790e+04, 3.692613511809039e-01, 8.841389960653081e+02
25270, 2.511257000000000e-01, 9.415461999999999e-02, 9.849223005773304e-01, 0.000000000000000e+00, 0.000000000000000e+00, 1.760068430434396e+00, 1.000000000000000e-10, 8.553388314970565e+04, 3.692796886225241e-01, 8.875325655426424e+02
25536, 2.257989600000000e-01, 9.144447000000000e-02, 9.846906001623860e-01, 0.000000000000000e+00, 0.000000000000000e+00, 1.759855991101956e+00, 1.000000000000000e-10, 8.555865818555735e+04, 3.693494758210879e-01, 8.911127343003375e+02
25802, 2.005554000000000e-01, 8.804648000000000e-02, 9.845338187233194e-01, 0.000000000000000e+00, 0.000000000000000e+00, 1.759834886002290e+00, 1.000000000000000e-10, 8.560060579482363e+04, 3.696379153937964e-01, 8.948362150135596e+02
26068, 1.754996600000000e-01, 8.392450000000000e-02, 9.843887487182358e-01, 0.000000000000000e+00, 0.000000000000000e+00, 1.759905499322361e+00, 1.000000000000000e-10, 8.562091679215396e+04, 3.702425369515168e-01, 8.984066706644702e+02
26334, 1.524078600000000e-01, 7.939508000000001e-02, 9.842445204123613e-01, 0.000000000000000e+00, 0.000000000000000e+00, 1.760082526523572e+00, 1.000000000000000e-10, 8.563496024233880e+04, 3.703699744783551e-01, 9.028409906757962e+02
26600, 1.318073700000000e-01, 7.469131000000000e-02, 9.841695714987192e-01, 0.000000000000000e+00, 0.000000000000000e+00, 1.760406009495257e+00, 1.000000000000000e-10, 8.565687615507863e+04, 3.703591205788409e-01, 9.076360032396111e+02
26866, 1.134473400000000e-01, 6.990083000000000e-02, 9.841684193608123e-01, 0.000000000000000e+00, 0.000000000000000e+00, 1.760834604387651e+00, 1.000000000000000e-10, 8.568864535531274e+04, 3.705869943294341e-01, 9.123316516729858e+02
27132, 9.710191999999999e-02, 6.509019000000001e-02, 9.842448502354886e-01, 0.000000000000000e+00, 0.000000000000000e+00, 1.761363684068240e+00, 1.000000000000000e-10, 8.569613730786486e+04, 3.707433211447221e-01, 9.170914807353172e+02
27398, 8.256835000000000e-02, 6.030875000000000e-02, 9.844066524897614e-01, 0.000000000000000e+00, 0.000000000000000e+00, 1.761987223762428e+00, 1.000000000000000e-10, 8.570873941873787e+04, 3.706200174474598e-01, 9.217813223435027e+02
27664, 6.966459999999999e-02, 5.559164000000000e-02, 9.846610805630110e-01, 0.000000000000000e+00, 0.000000000000000e+00, 1.762711276895175e+00, 1.000000000000000e-10, 8.566737094145858e+04, 3.701669648042221e-01, 9.261817858320244e+02
27930, 5.822880000000000e-02, 5.096272000000000e-02, 9.850146275108527e-01, 0.000000000000000e+00, 0.000000000000000e+00, 1.763557636547653e+00, 1.000000000000000e-10, 8.566241505898836e+04, 3.694226788017707e-01, 9.308119855106884e+02
28196, 4.811781000000000e-02, 4.643676000000000e-02, 9.854745400387356e-01, 0.000000000000000e+00, 0.000000000000000e+00, 1.764565078680307e+00, 1.000000000000000e-10, 8.562254136884272e+04, 3.682976837431428e-01, 9.351506677350446e+02
28462, 3.920432000000000e-02, 4.202042000000000e-02, 9.860608962137928e-01, 0.000000000000000e+00, 0.000000000000000e+00, 1.765790456312207e+00, 1.000000000000000e-10, 8.559357299503937e+04, 3.665435982394031e-01, 9.391375147995559e+02
28728, 3.137804000000000e-02, 3.771447000000000e-02, 9.868092577387847e-01, 0.000000000000000e+00, 0.000000000000000e+00, 1.767297215074070e+00, 1.000000000000000e-10, 8.552472291109410e+04, 3.643286872725506e-01, 9.428260326881534e+02
28994, 2.454469000000000e-02, 3.351486000000000e-02, 9.877677907726862e-01, 0.000000000000000e+00, 0.000000000000000e+00, 1.769155180652170e+00, 1.000000000000000e-10, 8.545522178269700e+04, 3.618141072472059e-01, 9.465328431944610e+02
29260, 1.862469000000000e-02, 2.941291000000000e-02, 9.889893658900976e-01, 0.000000000000000e+00, 0.000000000000000e+00, 1.771448045136272e+00, 1.000000000000000e-10, 8.534307439473851e+04, 3.594260724774742e-01, 9.507729643247582e+02
29526, 1.355548000000000e-02, 2.539749000000000e-02, 9.905379394837539e-01, 0.000000000000000e+00, 0.000000000000000e+00, 1.774303597548515e+00, 1.000000000000000e-10, 8.523063663947651e+04, 3.577011562311035e-01, 9.565399893635800e+02
29792, 9.291410000000000e-03, 2.145566000000000e-02, 9.925108518385674e-01, 0.000000000000000e+00, 0.000000000000000e+00, 1.777938441981136e+00, 1.000000000000000e-10, 8.508490947919621e+04, 3.577629610625513e-01, 9.624597155778106e+02
30058, 5.807340000000000e-03, 1.757725000000000e-02, 9.950462925574505e-01, 0.000000000000000e+00, 0.000000000000000e+00, 1.782671421091767e+00, 1.000000000000000e-10, 8.488231943511707e+04, 3.603394524589148e-01, 9.678395325803840e+02
30324, 3.098700000000000e-03, 1.376055000000000e-02, 9.982443134354211e-01, 0.000000000000000e+00, 0.000000000000000e+00, 1.788754555567190e+00, 1.000000000000000e-10, 8.459001715576960e+04, 3.664286630978226e-01, 9.705429266165555e+02
30590, 1.177950000000000e-03, 1.002447000000000e-02, 1.002211688929341e+00, 0.000000000000000e+00, 0.000000000000000e+00, 1.796394373315882e+00, 1.000000000000000e-10, 8.425066212784205e+04, 3.807312276790243e-01, 9.679646138911420e+02
30856, 5.585000000000000e-05, 6.424820000000000e-03, 1.006717490573898e+00, 0.000000000000000e+00, 0.000000000000000e+00, 1.805023213710700e+00, 1.000000000000000e-10, 8.391108681160861e+04, 4.234113092090875e-01, 9.564292641308664e+02
31122, -3.002400000000000e-04, 3.057280000000000e-03, 1.009725202987278e+00, 0.000000000000000e+00, 0.000000000000000e+00, 1.810840371859732e+00, 1.000000000000000e-10, 8.369351468365319e+04, 5.742084744207977e-01, 9.601702526978900e+02
31388, 6.450000000000000e-05, -3.064200000000000e-04, 1.011455616747684e+00, 0.000000000000000e+00, 0.000000000000000e+00, 1.814086124461114e+00, 1.000000000000000e-10, 8.354466318313566e+04, 5.510288072830573e-01, 9.573359752177446e+02
31654, 1.316550000000000e-03, -3.858450000000000e-03, 1.011038405928328e+00, 0.000000000000000e+00, 0.000000000000000e+00, 1.813476797726745e+00, 1.000000000000000e-10, 8.357628424300850e+04, 4.073847501336126e-01, 9.460441550762000e+02
31920, 3.617300000000000e-03, -7.377450000000000e-03, 1.008190412294402e+00, 0.000000000000000e+00, 0.000000000000000e+00, 1.808064305556497e+00, 1.000000000000000e-10, 8.378622788784475e+04, 3.657262174552497e-01, 9.613703661384883e+02
32186, 6.966190000000000e-03, -1.066717000000000e-02, 1.004683740739426e+00, 0.000000000000000e+00, 0.000000000000000e+00, 1.801276076104059e+00, 1.000000000000000e-10, 8.408873071087734e+04, 3.501097366983518e-01, 9.617009910386989e+02
32452, 1.128025000000000e-02, -1.364480000000000e-02, 1.001637668197559e+00, 0.000000000000000e+00, 0.000000000000000e+00, 1.795513926092718e+00, 1.000000000000000e-10, 8.444449600323987e+04, 3.443982346922492e-01, 9.521392215211090e+02
32718, 1.649219000000000e-02, -1.630728000000000e-02, 9.993125886789349e-01, 0.000000000000000e+00, 0.000000000000000e+00, 1.791230044418242e+00, 1.000000000000000e-10, 8.465949315760937e+04, 3.454522735197874e-01, 9.431548532460172e+02
32984, 2.257869000000000e-02, -1.867896000000000e-02, 9.976195449966121e-01, 0.000000000000000e+00, 0.000000000000000e+00, 1.788219102472393e+00, 1.000000000000000e-10, 8.474522545669418e+04, 3.514032078822587e-01, 9.337121715183705e+02
33250, 2.955753000000000e-02, -2.078633000000000e-02, 9.964831687348673e-01, 0.000000000000000e+00, 0.000000000000000e+00, 1.786340002273130e+00, 1.000000000000000e-10, 8.481502871632848e+04, 3.578766779234137e-01, 9.275739434559548e+02
33516, 3.747764000000000e-02, -2.264912000000000e-02, 9.957298736753621e-01, 0.000000000000000e+00, 0.000000000000000e+00, 1.785315993804791e+00, 1.000000000000000e-10, 8.485572262980524e+04, 3.628523456235849e-01, 9.188679699894429e+02
33782, 4.641026000000000e-02, -2.427854000000000e-02, 9.951161199082639e-01, 0.000000000000000e+00, 0.000000000000000e+00, 1.784712545337696e+00, 1.000000000000000e-10, 8.492600864471050e+04, 3.666091991119778e-01, 9.096662168806947e+02
34048, 5.644600000000000e-02, -2.567841000000000e-02, 9.946067359010375e-01, 0.000000000000000e+00, 0.000000000000000e+00, 1.784357923388222e+00, 1.000000000000000e-10, 8.497629886535305e+04, 3.697613395360759e-01, 9.023725653915457e+02
34314, 6.769356999999999e-02, -2.684643000000000e-02, 9.942725519695413e-01, 0.000000000000000e+00, 0.000000000000000e+00, 1.784199813596169e+00, 1.000000000000000e-10, 8.499191130916926e+04, 3.723194943630810e-01, 8.966909263729625e+02
34580, 8.027829000000000e-02, -2.777517000000000e-02, 9.941605290322386e-01, 0.000000000000000e+00, 0.000000000000000e+00, 1.784194803876370e+00, 1.000000000000000e-10, 8.503193820665387e+04, 3.739472626850874e-01, 8.921771068372138e+02
34846, 9.434394000000000e-02, -2.845331000000000e-02, 9.942576792709631e-01, 0.000000000000000e+00, 0.000000000000000e+00, 1.784317153084819e+00, 1.000000000000000e-10, 8.500872767284530e+04, 3.746284654723332e-01, 8.883829184182271e+02
35112, 1.100533500000000e-01, -2.886669000000000e-02, 9.945052062171644e-01, 0.000000000000000e+00, 0.000000000000000e+00, 1.784542500347767e+00, 1.000000000000000e-10, 8.500241106536324e+04, 3.743928398083359e-01, 8.850276367968843e+02
35378, 1.275898600000000e-01, -2.899952000000000e-02, 9.948413990374251e-01, 0.000000000000000e+00, 0.000000000000000e+00, 1.784855836545570e+00, 1.000000000000000e-10, 8.494869387455817e+04, 3.736070731670056e-01, 8.821085678766406e+02
35644, 1.471592000000000e-01, -2.883601000000000e-02, 9.952178511323333e-01, 0.000000000000000e+00, 0.000000000000000e+00, 1.785237180502157e+00, 1.000000000000000e-10, 8.491243567194922e+04, 3.720575517211101e-01, 8.797313726224277e+02
35910, 1.689930700000000e-01, -2.836244000000000e-02, 9.956090982059728e-01, 0.000000000000000e+00, 0.000000000000000e+00, 1.785678818978236e+00, 1.000000000000000e-10, 8.487226355758382e+04, 3.699589462196231e-01, 8.779596102371789e+02
36176, 1.933300100000000e-01, -2.757076000000000e-02, 9.959907723308350e-01, 0.000000000000000e+00, 0.000000000000000e+00, 1.786162813557023e+00, 1.000000000000000e-10, 8.482406889457005e+04, 3.684664833545439e-01, 8.768970809289732e+02
36442, 2.186970600000000e-01, -2.653899000000000e-02, 9.963296713868737e-01, 0.000000000000000e+00, 0.000000000000000e+00, 1.786631515764337e+00, 1.000000000000000e-10, 8.480730219805177e+04, 3.677177851154320e-01, 8.763838475917581e+02
36708, 2.440581900000000e-01, -2.537023000000000e-02, 9.966156780089912e-01, 0.000000000000000e+00, 0.000000000000000e+00, 1.787067571730301e+00, 1.000000000000000e-10, 8.477899962778986e+04, 3.677615461468394e-01, 8.761643332383355e+02
36974, 2.694156100000000e-01, -2.412336000000000e-02, 9.968474610615440e-01, 0.000000000000000e+00, 0.000000000000000e+00, 1.787467168605578e+00, 1.000000000000000e-10, 8.474217789240681e+04, 3.687557531758163e-01, 8.763479780556071e+02
37240, 2.947715300000000e-01, -2.284619000000000e-02, 9.970265342558540e-01, 0.000000000000000e+00, 0.000000000000000e+00, 1.787822142974147e+00, 1.000000000000000e-10, 8.472271277724215e+04, 3.713003147480248e-01, 8.770919001977114e+02
37506, 3.201279300000000e-01, -2.157848000000000e-02, 9.971582610328358e-01, 0.000000000000000e+00, 0.000000000000000e+00, 1.788125350834394e+00, 1.000000000000000e-10, 8.474042284128339e+04, 3.709150686227468e-01, 8.771745972464098e+02
37772, 3.454864400000000e-01, -2.035387000000000e-02, 9.972475060410984e-01, 0.000000000000000e+00, 0.000000000000000e+00, 1.788368971931793e+00, 1.000000000000000e-10, 8.471844600201382e+04, 3.705578929667462e-01, 8.773838405677551e+02
38038, 3.708483100000000e-01, -1.920127000000000e-02, 9.972830230730069e-01, 0.000000000000000e+00, 0.000000000000000e+00, 1.788522557718714e+00, 1.000000000000000e-10, 8.472642375206387e+04, 3.703062024225700e-01, 8.771634878773983e+02
38304, 3.962144000000000e-01, -1.814568000000000e-02, 9.972414124168399e-01, 0.000000000000000e+00, 0.000000000000000e+00, 1.788534868184388e+00, 1.000000000000000e-10, 8.474094557139116e+04, 3.692482625203484e-01, 8.761801523629566e+02
38570, 4.215832200000000e-01, -1.715723000000000e-02, 9.971630610240964e-01, 0.000000000000000e+00, 0.000000000000000e+00, 1.788468474831293e+00, 1.000000000000000e-10, 8.473463265958444e+04, 3.642908694836721e-01, 8.759084893866061e+02
38836, 4.469505000000000e-01, -1.613010000000000e-02, 9.971302284383231e-01, 0.000000000000000e+00, 0.000000000000000e+00, 1.788474483623601e+00, 1.000000000000000e-10, 8.475098155811372e+04, 3.659016334692642e-01, 8.771971114726834e+02
39102, 4.723166600000000e-01, -1.507567000000000e-02, 9.971449045000468e-01, 0.000000000000000e+00, 0.000000000000000e+00, 1.788554971740911e+00, 1.000000000000000e-10, 8.476228567893384e+04, 3.677597645376709e-01, 8.775051663611192e+02
39368, 4.976822500000000e-01, -1.400781000000000e-02, 9.971769912902835e-01, 0.000000000000000e+00, 0.000000000000000e+00, 1.788654373976457e+00, 1.000000000000000e-10, 8.474566008788761e+04, 3.689544789800467e-01, 8.777704356704961e+02
39634, 5.230478000000000e-01, -1.293872000000000e-02, 9.972197945297040e-01, 0.000000000000000e+00, 0.000000000000000e+00, 1.788767076560591e+00, 1.000000000000000e-10, 8.472922142094577e+04, 3.690953640216428e-01, 8.777642596742028e+02
39900, 5.484137400000000e-01, -1.187907000000000e-02, 9.972650295336547e-01, 0.000000000000000e+00, 0.000000000000000e+00, 1.788879753704246e+00, 1.000000000000000e-10, 8.473602161225566e+04, 3.691332072400259e-01, 8.778127085571109e+02
40166, 5.737804600000000e-01, -1.083816000000000e-02, 9.973109449744217e-01, 0.000000000000000e+00, 0.000000000000000e+00, 1.788991785688446e+00, 1.000000000000000e-10, 8.474365288835185e+04, 3.691525209494307e-01, 8.779070551918937e+02
40432, 5.991482600000000e-01, -9.824029999999999e-03, 9.973542741176596e-01, 0.000000000000000e+00, 0.000000000000000e+00, 1.789097630077410e+00, 1.000000000000000e-10, 8.475125794381989e+04, 3.691586149423612e-01, 8.780385761295906e+02
40698, 6.245173800000000e-01, -8.843540000000000e-03, 9.973947312890263e-01, 0.000000000000000e+00, 0.000000000000000e+00, 1.789198324528933e+00, 1.000000000000000e-10, 8.475788352480493e+04, 3.691530253273310e-01, 8.782106461994201e+02
40964, 6.498880000000000e-01, -7.902470000000000e-03, 9.974305786095624e-01, 0.000000000000000e+00, 0.000000000000000e+00, 1.789290082819770e+00, 1.000000000000000e-10, 8.476551705840617e+04, 3.691469435193661e-01, 8.783992020277827e+02
41230, 6.752602100000000e-01, -7.005570000000000e-03, 9.974628035358430e-01, 0.000000000000000e+00, 0.000000000000000e+00, 1.789375651377777e+00, 1.000000000000000e-10, 8.474673531483134e+04, 3.691654373652175e-01, 8.786197312956175e+02
41496, 7.006340800000000e-01, -6.156620000000000e-03, 9.974901164231971e-01, 0.000000000000000e+00, 0.000000000000000e+00, 1.789451040338657e+00, 1.000000000000000e-10, 8.475260854121839e+04, 3.691532175396269e-01, 8.788463481812548e+02
41762, 7.260095900000000e-01, -5.358490000000000e-03, 9.975145317301920e-01, 0.000000000000000e+00, 0.000000000000000e+00, 1.789521559465514e+00, 1.000000000000000e-10, 8.473226225290624e+04, 3.691711078515341e-01, 8.790921362055145e+02
42028, 7.513867100000000e-01, -4.613170000000000e-03, 9.975344365164243e-01, 0.000000000000000e+00, 0.000000000000000e+00, 1.789581589319923e+00, 1.000000000000000e-10, 8.473586369734388e+04, 3.691759208760187e-01, 8.793372161308956e+02
42294, 7.767653500000000e-01, -3.921820000000000e-03, 9.975534116779864e-01, 0.000000000000000e+00, 0.000000000000000e+00, 1.789640570492890e+00, 1.000000000000000e-10, 8.473739725010964e+04, 3.691794127065378e-01, 8.795961650004234e+02
42560, 8.021307100000000e-01, -3.285130000000000e-03, 9.975690206917599e-01, 0.000000000000000e+00, 0.000000000000000e+00, 1.789689157925031e+00, 1.000000000000000e-10, 8.473915078739174e+04, 3.692022678213523e-01, 8.798086214986594e+02
42826, 8.269682100000000e-01, -2.713880000000000e-03, 9.975876614240561e-01, 0.000000000000000e+00, 0.000000000000000e+00, 1.789744745206473e+00, 1.000000000000000e-10, 8.473852398011219e+04, 3.691911199810174e-01, 8.800182688882226e+02
43092, 8.510404400000000e-01, -2.208510000000000e-03, 9.976041161569901e-01, 0.000000000000000e+00, 0.000000000000000e+00, 1.789790327131923e+00, 1.000000000000000e-10, 8.473782131572776e+04, 3.699458599475896e-01, 8.800582966658210e+02
43358, 8.743707900000000e-01, -1.762550000000000e-03, 9.976293054157248e-01, 0.000000000000000e+00, 0.000000000000000e+00, 1.789856524984818e+00, 1.000000000000000e-10, 8.473563194174715e+04, 3.702966323019581e-01, 8.803214377065872e+02
43624, 8.969819600000000e-01, -1.369690000000000e-03, 9.976559953557279e-01, 0.000000000000000e+00, 0.000000000000000e+00, 1.789917027456641e+00, 1.000000000000000e-10, 8.473319329921763e+04, 3.706093603276933e-01, 8.805120093888966e+02
43890, 9.188961000000000e-01, -1.023840000000000e-03, 9.977000347974563e-01, 0.000000000000000e+00, 0.000000000000000e+00, 1.790023447582452e+00, 1.000000000000000e-10, 8.472921585791899e+04, 3.708453279201545e-01, 8.807328330239843e+02
44156, 9.401345100000000e-01, -7.191900000000000e-04, 9.977718698231872e-01, 0.000000000000000e+00, 0.000000000000000e+00, 1.790147113819495e+00, 1.000000000000000e-10, 8.469739242677220e+04, 3.715152040568117e-01, 8.809796048629789e+02
44422, 9.607179600000000e-01, -4.503200000000000e-04, 9.978982154653057e-01, 0.000000000000000e+00, 0.000000000000000e+00, 1.790451450846742e+00, 1.000000000000000e-10, 8.471275221780555e+04, 3.719874926255419e-01, 8.814874464471841e+02
44688, 9.806666200000000e-01, -2.121400000000000e-04, 9.980963237834440e-01, 0.000000000000000e+00, 0.000000000000000e+00, 1.790645247828480e+00, 1.000000000000000e-10, 8.466413054476579e+04, 3.795652960935376e-01, 8.786333800012029e+02
