"Time_Iter","Outer_Iter","Inner_Iter",       "CD"       ,       "CL"       ,       "CMz"      
          0,           0,           0,       1.473184269,       3.286677654,      0.9779002849
          0,           0,           1,       1.750679922,       3.930736607,       1.162017888
          0,           0,           2,       1.821457363,       4.088428534,       1.207216382
          0,           0,           3,       1.812604979,       4.057227383,       1.196034507
          0,           0,           4,       1.787129385,       3.986024756,        1.17195881
          0,           0,           5,       1.764036649,       3.922944326,       1.150384581
          0,           0,           6,       1.743701835,       3.869505518,         1.1327037
          0,           0,           7,       1.725660022,       3.824655367,       1.118767913
          0,           0,           8,       1.709031955,       3.785994941,        1.10756424
          0,           0,           9,       1.693474995,       3.751870229,       1.098292259
          0,           0,          10,       1.678859622,       3.721727187,       1.090522158
          0,           0,          11,       1.664614275,       3.693706176,       1.083426331
          0,           0,          12,        1.64959856,       3.667345559,       1.076914128
          0,           0,          13,       1.633136738,       3.643526664,       1.071240709
          0,           0,          14,        1.61387231,       3.623326744,       1.066619083
          0,           0,          15,        1.58940201,       3.607479947,        1.06288824
          0,           0,          16,       1.555236775,       3.594744029,       1.059007182
          0,           0,          17,       1.502188095,       3.579125516,       1.051745281
          0,           0,          18,       1.415011119,       3.543338499,       1.032687472
          0,           0,          19,       1.363508381,        3.51880476,       1.019627977
          0,           0,          20,       1.292555649,       3.476381804,      0.9973967422
          0,           0,          21,       1.194614323,       3.401535861,      0.9596481902
          0,           0,          22,        1.05971022,       3.270631579,      0.8963474365
          0,           0,          23,      0.8768204223,       3.048984544,      0.7938406608
          0,           0,          24,      0.6383368332,       2.696148309,      0.6378384855
          0,           0,          25,      0.3460431361,       2.174309477,      0.4173591616
          0,           0,          26,     0.01917710742,       1.464311859,      0.1303408739
          0,           0,          27,     -0.2972232747,      0.5999269546,     -0.2021056259
          0,           0,          28,      -0.521423826,     -0.2222082579,     -0.4993306757
          0,           0,          29,     -0.6401345292,     -0.9262411022,     -0.7340643733
          0,           0,          30,     -0.6596213065,      -1.463040316,     -0.8917623457
          0,           0,          31,     -0.6002320048,      -1.810899325,     -0.9675104649
          0,           0,          32,     -0.4695368444,      -1.966647251,     -0.9570882237
          0,           0,          33,       -0.29165668,      -1.888685191,     -0.8565148903
          0,           0,          34,    -0.09964397495,      -1.589172542,     -0.6790118127
          0,           0,          35,     0.07588947792,      -1.125766467,     -0.4533644628
          0,           0,          36,      0.2188777216,     -0.5617321978,     -0.2111377795
          0,           0,          37,       0.323467948,     0.03721017309,     0.01957602862
          0,           0,          38,      0.3900577621,      0.6188843959,      0.2183001038
          0,           0,          39,        0.42290467,       1.133917143,       0.369746571
          0,           0,          40,      0.4272458973,       1.537060133,      0.4638415456
          0,           0,          41,      0.4089556176,        1.79407114,      0.4972053888
          0,           0,          42,      0.3745117436,       1.894203686,      0.4734253343
          0,           0,          43,      0.3300601862,       1.847652242,      0.4021709309
          0,           0,          44,       0.280090207,       1.677171952,      0.2971479071
          0,           0,          45,        0.22777209,       1.414498636,      0.1738137891
          0,           0,          46,      0.1757697624,       1.097243748,     0.04725911098
          0,           0,          47,      0.1265878247,      0.7648149717,    -0.06919471102
          0,           0,          48,     0.08284566956,      0.4555738084,     -0.1647137769
          0,           0,          49,     0.04716983687,      0.2019345606,     -0.2316551499
          0,           0,          50,     0.02171772014,     0.02608274412,     -0.2660125561
          0,           0,          51,     0.00775006109,    -0.06124615057,     -0.2676427018
          0,           0,          52,    0.005427460539,    -0.06047602462,     -0.2399556097
          0,           0,          53,     0.01372101687,      0.0179180614,     -0.1893073701
          0,           0,          54,     0.03054976216,      0.1560505855,     -0.1239223613
          0,           0,          55,     0.05306318402,      0.3317000555,    -0.05273719287
          0,           0,          56,     0.07805579419,      0.5215689824,     0.01575535955
          0,           0,          57,      0.1023380965,      0.7038471926,     0.07436396529
          0,           0,          58,      0.1231285041,      0.8604588382,      0.1178523254
          0,           0,          59,       0.138361473,      0.9782841271,      0.1432488295
          0,           0,          60,      0.1468424511,       1.050553941,      0.1500789375
          0,           0,          61,      0.1479902947,       1.075805621,      0.1398661955
          0,           0,          62,       0.142155599,       1.057782609,      0.1158862494
          0,           0,          63,      0.1304856601,       1.004508868,     0.08262468024
          0,           0,          64,      0.1146990974,      0.9268396105,      0.0450825024
          0,           0,          65,     0.09682076658,      0.8368801152,    0.008119590086
          0,           0,          66,     0.07891729875,      0.7465634403,    -0.02407548256
          0,           0,          67,     0.06285605701,      0.6663679813,    -0.04837665602
          0,           0,          68,     0.05010741693,      0.6043813378,    -0.06295284633
          0,           0,          69,     0.04162957549,      0.5657431295,    -0.06729331975
          0,           0,          70,     0.03779578865,      0.5523726881,    -0.06215165237
          0,           0,          71,      0.0384231943,      0.5631988442,    -0.04926631476
          0,           0,          72,     0.04285020509,      0.5946257331,    -0.03104515274
          0,           0,          73,     0.05006616918,      0.6412679946,    -0.01018666909
          0,           0,          74,     0.05886791011,      0.6967706443,     0.01066883546
          0,           0,          75,     0.06801163222,      0.7546044444,     0.02923311612
          0,           0,          76,     0.07636715611,      0.8088069385,       0.043787722
          0,           0,          77,     0.08302554395,      0.8544812662,     0.05327460972
          0,           0,          78,     0.08736810698,      0.8882050793,     0.05733302147
          0,           0,          79,     0.08910816838,      0.9082185919,     0.05624698498
          0,           0,          80,     0.08828597076,      0.9144401168,     0.05083312033
          0,           0,          81,     0.08522335486,      0.9082821447,     0.04228079718
          0,           0,          82,     0.08046280923,      0.8923419335,     0.03197762255
          0,           0,          83,     0.07467791311,      0.8699712301,     0.02132174362
          0,           0,          84,      0.0685786667,      0.8448190099,     0.01155910249
          0,           0,          85,     0.06282821755,       0.820403042,    0.003670826673
          0,           0,          86,     0.05797346271,      0.7997541063,   -0.001693338205
          0,           0,          87,     0.05439932695,      0.7851432419,   -0.004241073161
          0,           0,          88,     0.05230227037,       0.777914534,   -0.004027159575
          0,           0,          89,     0.05169156067,      0.7784455546,   -0.001400310834
          0,           0,          90,     0.05240919497,       0.786209845,    0.003068851909
          0,           0,          91,     0.05416719299,      0.7999376508,     0.00868148371
          0,           0,          92,     0.05659592621,      0.8178444956,      0.0147007652
          0,           0,          93,     0.05929345264,       0.837878409,     0.02043680234
          0,           0,          94,     0.06187569892,      0.8579845382,     0.02531522324
          0,           0,          95,     0.06401447632,      0.8763202513,     0.02892386275
          0,           0,          96,     0.06547132124,      0.8914461255,     0.03103706226
          0,           0,          97,     0.06610822516,      0.9024238955,     0.03161648097
          0,           0,          98,     0.06589671251,      0.9088765624,     0.03079347487
          0,           0,          99,     0.06490357667,      0.9109578165,     0.02883169829
          0,           0,         100,     0.06327742738,      0.9092790466,     0.02608682955
          0,           0,         101,     0.06326940221,      0.9092704913,     0.02607252665
          0,           0,         102,      0.0632598094,      0.9092592788,     0.02605569218
          0,           0,         103,     0.06324837364,      0.9092448855,     0.02603591779
          0,           0,         104,     0.06323481103,      0.9092268202,     0.02601278546
          0,           0,         105,      0.0632188442,      0.9092046712,      0.0259858796
          0,           0,         106,     0.06320021805,      0.9091781467,     0.02595479102
          0,           0,         107,     0.06317871177,      0.9091470991,     0.02591910773
          0,           0,         108,     0.06315413885,      0.9091115178,     0.02587839071
          0,           0,         109,     0.06312632168,      0.9090714691,     0.02583213524
          0,           0,         110,     0.06309502376,      0.9090269499,     0.02577971699
          0,           0,         111,     0.06305983022,      0.9089776272,     0.02572031832
          0,           0,         112,     0.06301999822,      0.9089224829,     0.02565283224
          0,           0,         113,     0.06297434716,      0.9088594885,     0.02557576263
          0,           0,         114,      0.0629212814,      0.9087855087,     0.02548716755
          0,           0,         115,     0.06285897413,      0.9086965294,     0.02538469087
          0,           0,         116,     0.06278559862,      0.9085879968,     0.02526566322
          0,           0,         117,     0.06269940304,      0.9084548272,     0.02512716699
          0,           0,         118,     0.06259852774,      0.9082908742,     0.02496595254
          0,           0,         119,     0.06248068423,      0.9080881931,     0.02477820436
          0,           0,         120,     0.06234288564,      0.9078366299,     0.02455928603
          0,           0,         121,     0.06218126387,      0.9075237273,     0.02430359782
          0,           0,         122,     0.06199090975,      0.9071343775,      0.0240045554
          0,           0,         123,     0.06176580224,      0.9066498313,     0.02365458596
          0,           0,         124,     0.06149893501,      0.9060462836,     0.02324506636
          0,           0,         125,     0.06118244604,      0.9052935356,     0.02276622514
          0,           0,         126,     0.06080738595,      0.9043541252,     0.02220707815
          0,           0,         127,     0.06036321686,      0.9031830379,     0.02155549817
          0,           0,         128,     0.05983758946,      0.9017278044,     0.02079864365
          0,           0,         129,     0.05921676607,      0.8999291244,     0.01992407199
          0,           0,         130,     0.05848677745,      0.8977238041,     0.01892194977
          0,           0,         131,     0.05763564503,       0.895053737,      0.0177893078
          0,           0,         132,     0.05665721001,      0.8918864127,     0.01653712435
          0,           0,         133,     0.05555703165,      0.8882500517,     0.01520063638
          0,           0,         134,     0.05436131084,      0.8842875022,     0.01385232006
          0,           0,         135,     0.05312783297,      0.8803231908,     0.01261615634
          0,           0,         136,     0.05195010075,       0.876896983,     0.01167321038
          0,           0,         137,     0.05095027222,      0.8747214065,      0.0112376616
          0,           0,         138,     0.05030702185,      0.8743600681,     0.01140219918
          0,           0,         139,     0.05000935378,       0.876244515,     0.01225643538
          0,           0,         140,     0.04996509255,      0.8777427589,     0.01283546716
          0,           0,         141,     0.05004505265,       0.880169119,     0.01367383645
          0,           0,         142,     0.05028765756,      0.8838071495,     0.01481518375
          0,           0,         143,     0.05072839943,       0.888945194,     0.01628530247
          0,           0,         144,     0.05137793504,      0.8957684838,     0.01805737758
          0,           0,         145,     0.05219212529,      0.9041840361,     0.02000693208
          0,           0,         146,     0.05302817397,      0.9134743731,     0.02185065294
          0,           0,         147,      0.0536400038,      0.9217471441,     0.02315970396
          0,           0,         148,      0.0539326382,      0.9284195933,     0.02383742812
          0,           0,         149,     0.05385963126,      0.9331642466,      0.0238698063
          0,           0,         150,     0.05342305598,      0.9359120604,     0.02331757783
          0,           0,         151,     0.05266265736,      0.9368174951,     0.02230007861
          0,           0,         152,     0.05165499842,      0.9362167198,     0.02097290289
          0,           0,         153,     0.05049242105,      0.9345590933,     0.01950691389
          0,           0,         154,     0.04927379098,      0.9323436485,     0.01806677206
          0,           0,         155,     0.04809404448,      0.9300710342,     0.01679272995
          0,           0,         156,     0.04703112603,       0.928179291,     0.01578955467
          0,           0,         157,     0.04614047409,      0.9270095557,     0.01512058462
          0,           0,         158,     0.04545108893,      0.9267739141,     0.01480450706
          0,           0,         159,      0.0449684462,      0.9275556309,     0.01481906144
          0,           0,         160,     0.04467301677,      0.9293073266,     0.01510678076
          0,           0,         161,     0.04452903931,      0.9318698272,     0.01558939993
          0,           0,         162,     0.04448858611,      0.9350111383,     0.01617363317
          0,           0,         163,     0.04449854766,       0.938454955,     0.01676831866
          0,           0,         164,     0.04450786127,      0.9419194146,     0.01728977516
          0,           0,         165,     0.04447218077,      0.9451514011,     0.01767372008
          0,           0,         166,     0.04435691071,      0.9479466941,     0.01787717134
          0,           0,         167,     0.04414266617,      0.9501721609,     0.01788350638
          0,           0,         168,     0.04382354242,      0.9517682048,     0.01769813937
          0,           0,         169,     0.04340531086,      0.9527510182,     0.01734853548
          0,           0,         170,     0.04290535043,      0.9531972122,     0.01687553593
          0,           0,         171,     0.04234912256,      0.9532299837,      0.0163309477
          0,           0,         172,     0.04176504574,       0.953001431,     0.01576617132
          0,           0,         173,     0.04118141354,      0.9526699796,     0.01523114074
          0,           0,         174,      0.0406239962,      0.9523831396,     0.01476458943
          0,           0,         175,     0.04011212286,      0.9522603396,     0.01439561378
          0,           0,         176,     0.03965929767,      0.9523848277,     0.01413695697
          0,           0,         177,     0.03927024726,      0.9528016692,     0.01398901033
          0,           0,         178,     0.03894275096,      0.9535077708,     0.01393929741
          0,           0,         179,     0.03866983438,      0.9544723978,     0.01396614927
          0,           0,         180,     0.03843769428,      0.9556270392,     0.01404203021
          0,           0,         181,     0.03822892336,      0.9568948988,     0.01413751659
          0,           0,         182,       0.038031229,      0.9581878802,      0.0142233859
          0,           0,         183,     0.03783382378,      0.9594244781,     0.01427669496
          0,           0,         184,     0.03762225508,      0.9605347179,     0.01427941148
          0,           0,         185,     0.03739315472,      0.9614716399,     0.01422258558
          0,           0,         186,     0.03713996915,      0.9622052233,     0.01410444763
          0,           0,         187,     0.03686046514,      0.9627320799,     0.01393191831
          0,           0,         188,     0.03655436646,      0.9630650635,     0.01371633591
          0,           0,         189,     0.03622894336,      0.9632403503,     0.01347333533
          0,           0,         190,     0.03589308057,      0.9632993509,     0.01321900681
          0,           0,         191,     0.03555704524,      0.9632943703,     0.01296987595
          0,           0,         192,     0.03522896232,      0.9632722451,     0.01273890476
          0,           0,         193,     0.03491638231,       0.963278038,     0.01253685117
          0,           0,         194,     0.03462348697,      0.9633402055,     0.01236942264
          0,           0,         195,     0.03435403195,      0.9634814845,     0.01223870962
          0,           0,         196,     0.03410685807,      0.9637058702,     0.01214177946
          0,           0,         197,     0.03388158115,      0.9640087515,     0.01207384893
          0,           0,         198,     0.03367340219,       0.964372303,     0.01202632709
          0,           0,         199,     0.03347892293,      0.9647755625,     0.01199095293
          0,           0,         200,     0.03329164746,       0.965189745,     0.01195818418
          0,           0,         201,     0.03310850695,      0.9655908653,     0.01192071788
          0,           0,         202,     0.03292484563,      0.9659538278,     0.01187174475
          0,           0,         203,     0.03273880837,      0.9662643369,     0.01180760267
          0,           0,         204,     0.03254820879,      0.9665076015,     0.01172530754
          0,           0,         205,     0.03235292981,      0.9666821135,     0.01162614083
          0,           0,         206,     0.03215276917,      0.9667883283,     0.01151263021
          0,           0,         207,     0.03194997695,      0.9668373049,     0.01139010691
          0,           0,         208,     0.03174558924,      0.9668397949,     0.01126331404
          0,           0,         209,     0.03154325753,      0.9668131953,     0.01113831307
          0,           0,         210,     0.03134488242,      0.9667699354,     0.01101952315
          0,           0,         211,     0.03115417104,      0.9667281857,     0.01091102997
          0,           0,         212,     0.03097157308,      0.9666972874,     0.01081486544
          0,           0,         213,     0.03079995884,      0.9666864903,      0.0107319655
          0,           0,         214,     0.03063854442,       0.966697761,     0.01066118535
          0,           0,         215,     0.03048678039,      0.9667349006,     0.01060187666
          0,           0,         216,     0.03034290849,      0.9667918606,     0.01055162369
          0,           0,         217,     0.03020675463,      0.9668655476,     0.01050846524
          0,           0,         218,     0.03007595216,      0.9669452585,     0.01046893083
          0,           0,         219,     0.02994901966,      0.9670250537,     0.01043061802
          0,           0,         220,     0.02982427902,      0.9670935262,     0.01039030618
          0,           0,         221,     0.02970138451,      0.9671465241,     0.01034655143
          0,           0,         222,     0.02957748477,      0.9671765639,     0.01029797926
          0,           0,         223,     0.02945362914,      0.9671844218,     0.01024514169
          0,           0,         224,     0.02932825226,       0.967167422,      0.0101883626
          0,           0,         225,     0.02920448676,      0.9671327241,     0.01012910895
          0,           0,         226,     0.02908061694,       0.967081135,     0.01006866468
          0,           0,         227,     0.02895997227,      0.9670210874,     0.01000853569
          0,           0,         228,     0.02884254807,      0.9669542258,     0.00994975107
          0,           0,         229,     0.02872989279,      0.9668881902,    0.009894413243
          0,           0,         230,     0.02862112254,       0.966823621,    0.009843313831
          0,           0,         231,     0.02851700403,      0.9667668826,    0.009797718909
          0,           0,         232,      0.0284181029,      0.9667167444,    0.009757387122
          0,           0,         233,     0.02832409718,      0.9666773892,    0.009722450752
          0,           0,         234,     0.02823354248,      0.9666452351,    0.009691578618
          0,           0,         235,     0.02814736159,      0.9666225123,    0.009664173846
          0,           0,         236,     0.02806387641,      0.9666046266,    0.009638758732
          0,           0,         237,      0.0279834942,      0.9665909206,    0.009614892909
          0,           0,         238,     0.02790364981,      0.9665757062,    0.009591219501
          0,           0,         239,     0.02782695625,      0.9665600548,    0.009567747779
          0,           0,         240,     0.02775165194,       0.966539966,    0.009543580395
          0,           0,         241,     0.02767765697,      0.9665176513,    0.009519126285
          0,           0,         242,     0.02760471164,      0.9664892539,    0.009493977475
          0,           0,         243,     0.02753263123,      0.9664585955,    0.009468784795
          0,           0,         244,     0.02746063861,      0.9664237147,    0.009443418182
          0,           0,         245,     0.02738984342,      0.9663881248,    0.009419092233
          0,           0,         246,     0.02732018341,      0.9663512489,    0.009395438644
          0,           0,         247,     0.02725286418,      0.9663163656,    0.009373674773
          0,           0,         248,     0.02718533838,       0.966281672,    0.009353624652
          0,           0,         249,     0.02712062346,      0.9662527609,    0.009335677846
          0,           0,         250,     0.02705806398,      0.9662278484,    0.009319312689
          0,           0,         251,      0.0269993633,      0.9662123572,    0.009304675142
          0,           0,         252,     0.02694276757,      0.9662026337,    0.009291335605
          0,           0,         253,     0.02688837883,      0.9662020955,    0.009279530205
          0,           0,         254,     0.02683679408,      0.9662050084,    0.009268786793
          0,           0,         255,     0.02678632755,      0.9662153072,    0.009259136682
          0,           0,         256,     0.02673670336,      0.9662281291,    0.009249954982
          0,           0,         257,     0.02668918561,       0.966248228,    0.009241126357
          0,           0,         258,     0.02664115111,      0.9662703437,    0.009232290767
          0,           0,         259,     0.02659572182,      0.9662979965,    0.009223755842
          0,           0,         260,     0.02654866996,      0.9663255343,    0.009215504067
          0,           0,         261,     0.02650497741,      0.9663576612,    0.009207479577
          0,           0,         262,     0.02646100363,       0.966388943,    0.009199620283
          0,           0,         263,     0.02641744916,      0.9664229072,    0.009192453322
          0,           0,         264,     0.02637462362,      0.9664591573,    0.009184825172
          0,           0,         265,     0.02632996324,      0.9664933741,    0.009179478013
          0,           0,         266,     0.02628698361,      0.9665343934,    0.009173112598
          0,           0,         267,     0.02624181037,      0.9665766129,    0.009168781093
          0,           0,         268,     0.02619737664,      0.9666242551,    0.009164157403
          0,           0,         269,     0.02615538004,      0.9666790049,    0.009160205479
          0,           0,         270,     0.02611258503,      0.9667356325,    0.009156864573
          0,           0,         271,     0.02607131151,      0.9668023898,    0.009153483092
          0,           0,         272,     0.02602835292,      0.9668700814,     0.00915087725
          0,           0,         273,     0.02598602166,      0.9669425413,    0.009149391942
          0,           0,         274,      0.0259470858,      0.9670205835,     0.00914717591
          0,           0,         275,     0.02590699233,      0.9670986186,    0.009146910454
          0,           0,         276,     0.02586811424,      0.9671827935,    0.009145410524
          0,           0,         277,     0.02583170512,       0.967272005,    0.009144044372
          0,           0,         278,     0.02579161496,      0.9673631273,    0.009142186961
          0,           0,         279,     0.02575574632,      0.9674655915,    0.009138711338
          0,           0,         280,      0.0257154152,      0.9675689443,    0.009134992578
          0,           0,         281,     0.02567541992,      0.9676800502,    0.009130747621
          0,           0,         282,     0.02563529828,      0.9677914929,    0.009126381222
          0,           0,         283,      0.0255962976,       0.967909102,    0.009121958423
          0,           0,         284,     0.02556077027,      0.9680321282,    0.009116073178
          0,           0,         285,     0.02552826132,      0.9681543004,    0.009111569237
          0,           0,         286,     0.02549057742,      0.9682737996,    0.009107647754
          0,           0,         287,     0.02545591611,      0.9683941451,    0.009104571507
          0,           0,         288,     0.02541384232,      0.9685079022,    0.009102914853
          0,           0,         289,     0.02537711799,      0.9686308705,    0.009099918996
          0,           0,         290,     0.02533754678,      0.9687495088,    0.009097546322
          0,           0,         291,     0.02529885967,      0.9688745019,    0.009094636053
          0,           0,         292,     0.02526415957,       0.969008235,    0.009088998603
          0,           0,         293,     0.02522172081,      0.9691389988,    0.009085300838
          0,           0,         294,     0.02518391722,      0.9692767999,    0.009079390075
          0,           0,         295,     0.02514832323,      0.9694200668,    0.009073301006
          0,           0,         296,     0.02510282778,      0.9695498176,    0.009070422111
          0,           0,         297,     0.02506290711,       0.969685313,    0.009067111164
          0,           0,         298,     0.02502014868,      0.9698215162,    0.009063188035
          0,           0,         299,     0.02497738886,      0.9699571268,    0.009060166919
          0,           0,         300,     0.02493784611,      0.9700961254,    0.009055307297
          0,           0,         301,     0.02489866503,      0.9702497091,    0.009047470144
          0,           0,         302,     0.02485847588,      0.9703977341,    0.009039902232
          0,           0,         303,     0.02481802042,      0.9705522956,    0.009031360516
          0,           0,         304,       0.024777157,      0.9707080157,    0.009021753622
          0,           0,         305,     0.02473852731,       0.970864772,    0.009012621551
          0,           0,         306,     0.02469837729,       0.971025897,    0.009001778988
          0,           0,         307,     0.02465429383,      0.9711750858,     0.00899456588
          0,           0,         308,     0.02461503541,      0.9713312737,    0.008984597898
          0,           0,         309,      0.0245773533,      0.9714804521,    0.008976611263
          0,           0,         310,      0.0245364582,      0.9716203414,    0.008969614578
          0,           0,         311,     0.02449898329,      0.9717595177,    0.008962783171
          0,           0,         312,     0.02445584135,      0.9718915494,    0.008956438795
          0,           0,         313,     0.02441932097,       0.972030045,    0.008948512645
          0,           0,         314,     0.02437818762,       0.972161225,    0.008941105989
          0,           0,         315,      0.0243394083,      0.9723008516,    0.008931974315
          0,           0,         316,     0.02430128231,      0.9724423015,    0.008921288686
          0,           0,         317,     0.02425909625,      0.9725822649,    0.008911777083
          0,           0,         318,     0.02422229803,      0.9727320752,    0.008898954047
          0,           0,         319,     0.02418078722,      0.9728847484,    0.008886478359
          0,           0,         320,      0.0241393861,      0.9730272052,    0.008875779186
          0,           0,         321,     0.02410515482,      0.9731737152,    0.008864790379
          0,           0,         322,     0.02405869985,      0.9733036457,    0.008857294103
          0,           0,         323,     0.02401548275,      0.9734338525,     0.00885016083
          0,           0,         324,     0.02397630758,      0.9735685251,    0.008840570918
          0,           0,         325,      0.0239335861,      0.9737000256,    0.008831962763
          0,           0,         326,     0.02389598321,      0.9738304978,    0.008821764689
          0,           0,         327,     0.02385944279,      0.9739777298,    0.008807553728
          0,           0,         328,     0.02381518017,      0.9741117163,    0.008795144305
          0,           0,         329,     0.02377670865,      0.9742524612,    0.008781287186
          0,           0,         330,     0.02374255068,      0.9744005778,    0.008764498446
          0,           0,         331,     0.02369506479,      0.9745239376,    0.008754696579
          0,           0,         332,     0.02365570875,      0.9746522993,    0.008742587549
          0,           0,         333,     0.02361396955,      0.9747718043,    0.008733335405
          0,           0,         334,     0.02356919211,      0.9748781881,    0.008726143468
          0,           0,         335,     0.02353255174,       0.974992273,    0.008717205072
          0,           0,         336,     0.02349770547,      0.9751176273,     0.00870411493
          0,           0,         337,     0.02345435278,      0.9752303182,    0.008694454389
          0,           0,         338,     0.02342323014,       0.975358576,    0.008679366442
          0,           0,         339,     0.02339220164,      0.9755001631,    0.008661703242
          0,           0,         340,     0.02334963802,      0.9756222797,    0.008648105167
          0,           0,         341,     0.02331074673,      0.9757514502,    0.008633741125
          0,           0,         342,     0.02327536822,      0.9758762534,    0.008619637547
          0,           0,         343,     0.02323393645,      0.9759955077,    0.008607981339
          0,           0,         344,     0.02320191957,      0.9761166678,    0.008594577382
          0,           0,         345,      0.0231664242,      0.9762216491,     0.00858553974
          0,           0,         346,     0.02313039914,      0.9763285602,    0.008574640086
          0,           0,         347,     0.02309724687,      0.9764292765,    0.008565150329
          0,           0,         348,     0.02306092728,       0.976520726,    0.008556284912
          0,           0,         349,     0.02302867996,      0.9766178219,    0.008546086174
          0,           0,         350,     0.02299398848,      0.9767160867,    0.008534250946
          0,           0,         351,     0.02296156862,      0.9768194506,    0.008521612824
          0,           0,         352,     0.02292847947,      0.9769215931,    0.008508284822
          0,           0,         353,     0.02289990771,      0.9770319069,    0.008493828943
          0,           0,         354,     0.02287037289,      0.9771381905,    0.008479725045
          0,           0,         355,     0.02282851808,      0.9772300063,    0.008470647196
          0,           0,         356,     0.02280046994,      0.9773335111,    0.008457828452
          0,           0,         357,     0.02276809979,      0.9774351173,    0.008446636933
          0,           0,         358,      0.0227297527,       0.977522922,    0.008437915573
          0,           0,         359,     0.02270217706,      0.9776183651,    0.008427586371
          0,           0,         360,     0.02267413678,      0.9777133507,    0.008416058369
          0,           0,         361,     0.02264523991,      0.9778117559,    0.008404145851
          0,           0,         362,      0.0226119223,      0.9779027623,    0.008392829027
          0,           0,         363,     0.02258907328,      0.9779987131,    0.008380537808
          0,           0,         364,     0.02255362922,      0.9780876704,    0.008369215713
          0,           0,         365,     0.02252613334,      0.9781827108,    0.008356939608
          0,           0,         366,     0.02249917814,      0.9782757922,    0.008344142353
          0,           0,         367,     0.02247021853,      0.9783700046,    0.008332072018
          0,           0,         368,     0.02244307188,      0.9784474234,    0.008322954082
          0,           0,         369,      0.0224156396,      0.9785290494,    0.008313776612
          0,           0,         370,     0.02238597627,      0.9786007826,    0.008306013918
          0,           0,         371,      0.0223643925,      0.9786801777,    0.008296906244
          0,           0,         372,     0.02234169175,       0.978759793,    0.008286740997
          0,           0,         373,     0.02232426652,      0.9788405264,    0.008276891957
          0,           0,         374,     0.02230466629,      0.9789221673,    0.008265944571
          0,           0,         375,     0.02228605478,      0.9790142323,    0.008253504377
          0,           0,         376,     0.02226686593,      0.9791018004,    0.008241417997
          0,           0,         377,     0.02224477133,      0.9791889743,    0.008230747684
          0,           0,         378,       0.022226021,      0.9792745244,    0.008219723532
          0,           0,         379,     0.02220350969,      0.9793456212,    0.008213372795
          0,           0,         380,     0.02218136377,      0.9794163592,    0.008206291222
          0,           0,         381,     0.02216285905,      0.9794866019,    0.008200012037
          0,           0,         382,     0.02213902091,       0.979539272,    0.008196850019
          0,           0,         383,      0.0221157658,        0.97959606,    0.008193265105
          0,           0,         384,     0.02210026865,      0.9796636726,    0.008185512112
          0,           0,         385,     0.02207658938,      0.9797296316,    0.008179113493
          0,           0,         386,     0.02206075411,      0.9798058655,    0.008169069063
          0,           0,         387,      0.0220499631,      0.9798936898,    0.008157355844
          0,           0,         388,     0.02202553549,      0.9799785136,     0.00814649251
          0,           0,         389,     0.02201172723,      0.9800654078,    0.008136488219
          0,           0,         390,     0.02199819029,      0.9801571014,    0.008125291681
          0,           0,         391,     0.02198260844,      0.9802455984,    0.008116669823
          0,           0,         392,     0.02196938918,      0.9803283569,    0.008108900502
          0,           0,         393,     0.02195798657,      0.9804181739,    0.008100647681
          0,           0,         394,     0.02194628416,      0.9804868254,    0.008096314601
          0,           0,         395,     0.02193506801,      0.9805501763,     0.00809381446
          0,           0,         396,      0.0219234681,      0.9806091912,     0.00809087383
          0,           0,         397,     0.02190984116,      0.9806538005,    0.008091673433
          0,           0,         398,     0.02189198892,       0.980707548,    0.008088854849
          0,           0,         399,     0.02188218828,      0.9807647671,    0.008085360565
          0,           0,         400,     0.02187296907,      0.9808286442,    0.008079049356
          0,           0,         401,     0.02186604022,      0.9809086322,    0.008070019644
          0,           0,         402,     0.02186042923,      0.9809865416,    0.008061060717
          0,           0,         403,     0.02185406362,      0.9810777257,     0.00805102052
          0,           0,         404,     0.02184513524,      0.9811684687,    0.008041477205
          0,           0,         405,     0.02183742135,      0.9812589605,     0.00803426566
          0,           0,         406,     0.02182896653,      0.9813444235,     0.00802840464
          0,           0,         407,     0.02181667153,      0.9814158763,    0.008027719104
          0,           0,         408,     0.02180977498,      0.9814960684,    0.008024073717
          0,           0,         409,     0.02180186835,      0.9815630388,    0.008024313319
          0,           0,         410,     0.02179383608,      0.9816255989,    0.008024013375
          0,           0,         411,     0.02179701924,      0.9816925917,    0.008022401276
          0,           0,         412,     0.02178613592,      0.9817561584,    0.008020315571
          0,           0,         413,     0.02177998225,      0.9818200633,    0.008018389276
          0,           0,         414,     0.02178183811,      0.9818911042,    0.008013276496
          0,           0,         415,     0.02176948264,      0.9819660348,    0.008008921076
          0,           0,         416,     0.02176621313,      0.9820421165,    0.008003414777
          0,           0,         417,     0.02175997318,      0.9821217875,    0.007998963926
          0,           0,         418,     0.02174814889,      0.9821957189,    0.007995956201
          0,           0,         419,     0.02174199244,      0.9822754347,    0.007993293261
          0,           0,         420,     0.02173438371,      0.9823611545,    0.007989069182
          0,           0,         421,     0.02172507099,      0.9824397175,    0.007988217105
          0,           0,         422,     0.02172281902,      0.9825283632,    0.007984087885
          0,           0,         423,     0.02171715194,      0.9826183393,    0.007980961273
          0,           0,         424,     0.02171497026,      0.9827050553,     0.00797743497
          0,           0,         425,     0.02171019932,      0.9827955347,      0.0079740175
          0,           0,         426,     0.02170420653,      0.9828852118,    0.007969607203
          0,           0,         427,     0.02169868826,      0.9829739634,    0.007966184621
          0,           0,         428,     0.02169179121,      0.9830636669,    0.007961371739
          0,           0,         429,     0.02169247686,      0.9831502187,    0.007957857714
          0,           0,         430,     0.02168767497,      0.9832311009,    0.007954648349
          0,           0,         431,     0.02167755307,       0.983301871,    0.007954989654
          0,           0,         432,     0.02167692088,      0.9833796209,    0.007952328866
          0,           0,         433,     0.02167595832,      0.9834590676,    0.007950336677
          0,           0,         434,     0.02167431826,      0.9835320449,    0.007948849127
          0,           0,         435,     0.02167635049,      0.9836190753,    0.007945228897
          0,           0,         436,     0.02167236832,      0.9837066388,    0.007941048205
          0,           0,         437,     0.02167352743,      0.9837947688,    0.007938007965
          0,           0,         438,     0.02167372778,      0.9838866845,    0.007933449454
          0,           0,         439,     0.02167012624,      0.9839829473,    0.007929473263
          0,           0,         440,     0.02166755863,      0.9840761299,    0.007925448155
          0,           0,         441,     0.02166737858,      0.9841654351,    0.007923457458
          0,           0,         442,     0.02166164295,      0.9842497557,    0.007921756811
          0,           0,         443,     0.02164938004,      0.9843220777,    0.007923946309
          0,           0,         444,     0.02164655238,       0.984397709,    0.007923533966
          0,           0,         445,     0.02164186541,      0.9844731418,    0.007923726084
          0,           0,         446,     0.02163351301,      0.9845467947,    0.007922707055
          0,           0,         447,     0.02162812924,      0.9846320316,    0.007919333573
          0,           0,         448,       0.021624487,      0.9847185126,     0.00791410571
          0,           0,         449,     0.02161986377,      0.9848143192,    0.007907643362
          0,           0,         450,     0.02161478616,      0.9849150075,    0.007899075054
          0,           0,         451,     0.02161375529,      0.9850246644,    0.007889681639
          0,           0,         452,     0.02160664024,      0.9851239938,    0.007882342419
          0,           0,         453,     0.02160135291,      0.9852221018,     0.00787683398
          0,           0,         454,     0.02159747366,      0.9853114549,    0.007872502569
          0,           0,         455,     0.02159328387,      0.9853957317,    0.007870424628
          0,           0,         456,     0.02159482135,      0.9854718567,    0.007868583347
          0,           0,         457,     0.02159349338,      0.9855491849,    0.007866983218
          0,           0,         458,     0.02158778621,      0.9856119088,    0.007866886704
          0,           0,         459,     0.02159216423,      0.9856867513,    0.007863639764
          0,           0,         460,      0.0215858334,      0.9857594979,    0.007859220625
          0,           0,         461,     0.02158273843,      0.9858323406,    0.007855021343
          0,           0,         462,      0.0215803809,       0.985914107,    0.007847178502
          0,           0,         463,      0.0215757565,      0.9859956472,    0.007840520835
          0,           0,         464,     0.02156817109,      0.9860697137,    0.007834731538
          0,           0,         465,     0.02155434566,      0.9861439603,    0.007830492513
          0,           0,         466,     0.02154882203,      0.9862200204,    0.007824650467
